<manifest xmlns:android="http://schemas.android.com/apk/res/android"
    package="com.mejorandola.android"
    android:installLocation="preferExternal"
    android:versionCode="1"
    android:versionName="1.0" >

    <uses-sdk
        android:minSdkVersion="10"
        android:targetSdkVersion="17" />
    
    <uses-permission android:name="android.permission.INTERNET"/>

    <application
        android:icon="@drawable/ic_launcher"
        android:label="@string/app_name"
        android:theme="@android:style/Theme.Light.NoTitleBar"
        android:allowBackup="false"
        android:name=".MejoandroidApplication" >
        <activity 
            android:name=".TimelineActivity" 
            android:label="@string/app_name"	   >
        	<intent-filter>
                <action android:name="android.intent.action.MAIN" />

                <category android:name="android.intent.category.LAUNCHER" />
            </intent-filter>
        </activity>

    </application>

</manifest>