<?xml version="1.0" encoding="utf-8"?>
<manifest xmlns:android="http://schemas.android.com/apk/res/android"
      package="com.mejorandroid.pictures"
      android:versionCode="1"
      android:versionName="1.0">
      
    <uses-sdk android:minSdkVersion="8" android:targetSdkVersion="17" />
    
    <uses-feature android:name="android.hardware.camera" />
    <uses-permission android:name="android.permission.WRITE_EXTERNAL_STORAGE" />

    <application 
        android:icon="@drawable/ic_launcher" 
        android:label="@string/app_name"
        android:screenOrientation="portrait"
        android:allowBackup="true">
        <activity 
            android:name=".MainActivity"
            android:label="@string/app_name"
            android:screenOrientation="portrait" 
            android:configChanges="keyboardHidden|orientation">
            <intent-filter>
                <action android:name="android.intent.action.MAIN" />
                <category android:name="android.intent.category.LAUNCHER" />
            </intent-filter>
        </activity>

    </application>
</manifest>